class,name,nickname,category,subcategory,project,project_dir,source,guid,kind,exposure,obsolete,current_icon,icon_holder,object,op,plural,container,glyph_origin,badge_origin,rule,note,icon_id,resource,icon_file,status
SAMAnalyticalShowDiagramAHU,SAMAnalytical.ShowDiagramAHU,SAMAnalytical.ShowDiagramAHU,SAM,UI,SAM.Analytical.UI.Grasshopper,Grasshopper/SAM.Analytical.UI.Grasshopper,Grasshopper/SAM.Analytical.UI.Grasshopper/Component/SAMAnalyticalShowDiagramAHU.cs,c4b9b0b6-d11f-4f44-a602-61649979e928,component,GH_Exposure.primary,False,SAM_Small,Resources,ahu,display,False,,SAM,SAM,override,Mollier diagram of an AHU,ahu_display,SAM_GH_AhuDisplay,svg/ahu_display.svg,integrated
SAMAnalyticalPrintAHU,SAMAnalytical.PrintAHU,SAMAnalytical.PrintAHU,SAM,UI,SAM.Analytical.UI.Grasshopper,Grasshopper/SAM.Analytical.UI.Grasshopper,Grasshopper/SAM.Analytical.UI.Grasshopper/Component/SAMAnalyticalPrintAHU.cs,412aab4a-51f1-4c4a-a2ad-b2eb8359bb54,component,GH_Exposure.primary,False,SAM_Small,Resources,ahu,export,False,,SAM,SAM,override,AHU schedules to an Excel template,ahu_export,SAM_GH_AhuExport,svg/ahu_export.svg,integrated
SAMAnalyticalShowDiagram,SAMAnalytical.ShowDiagram,SAMAnalytical.ShowDiagram,SAM,UI,SAM.Analytical.UI.Grasshopper,Grasshopper/SAM.Analytical.UI.Grasshopper,Grasshopper/SAM.Analytical.UI.Grasshopper/Component/SAMAnalyticalShowDiagram.cs,3c6e715a-3cbd-4c61-b033-83936bf07e97,component,GH_Exposure.primary,False,SAM_Small,Resources,mollierChart,display,False,,SAM-BIM ext v1,SAM,override,,mollierChart_display,SAM_GH_MollierChartDisplay,svg/mollierChart_display.svg,integrated
SAMAnalyticalShowDiagramSpace,SAMAnalytical.ShowDiagramSpace,SAMAnalytical.ShowDiagramSpace,SAM,UI,SAM.Analytical.UI.Grasshopper,Grasshopper/SAM.Analytical.UI.Grasshopper,Grasshopper/SAM.Analytical.UI.Grasshopper/Component/SAMAnalyticalShowDiagramSpace.cs,77e2ab94-5f34-466d-99eb-2095247fbe5b,component,GH_Exposure.primary,False,SAM_Small,Resources,space,display,False,,SAM,SAM,override,Mollier diagram of a space,space_display,SAM_GH_SpaceDisplay,svg/space_display.svg,integrated
SAMAnalyticalPrintRDS,SAMAnalytical.PrintRDS,SAMAnalytical.PrintRDS,SAM,UI,SAM.Analytical.UI.Grasshopper,Grasshopper/SAM.Analytical.UI.Grasshopper,Grasshopper/SAM.Analytical.UI.Grasshopper/Component/SAMAnalyticalPrintRDS.cs,ff7fb06d-dbff-4722-81c9-dad0475a6bfd,component,GH_Exposure.primary,False,SAM_Small,Resources,space,export,False,,SAM,SAM,override,room data sheets,space_export,SAM_GH_SpaceExport,svg/space_export.svg,integrated
SAMAnalyticalMultitaskerWorkflow,SAMAnalytical.MultitaskerWorkflow,SAMAnalytical.MultitaskerWorkflow,SAM WIP,Tas,SAM.Analytical.UI.WPF.Grasshopper,Grasshopper/SAM.Analytical.UI.WPF.Grasshopper,Grasshopper/SAM.Analytical.UI.WPF.Grasshopper/Component/SAMAnalyticalMultitaskerWorkflow.cs,f862c3cd-fdfb-469c-828c-b3e5b3e5d174,component,GH_Exposure.quarternary,False,SAM_Small3,Resources,tasks,run,False,,SAM-BIM ext v1,SAM-BIM ext v1,override,batch TAS workflow for many models,tasks_run,SAM_GH_TasksRun,svg/tasks_run.svg,integrated
SAMMollierGeometry,SAMMollier.Geometry ,SAMGeometry ,SAM,Mollier,SAM.Core.Mollier.UI.Grasshopper,Grasshopper/SAM.Core.Mollier.UI.Grasshopper,Grasshopper/SAM.Core.Mollier.UI.Grasshopper/Component/SAMMollierGeometry.cs,a0b93650-1575-4985-b0f2-640afce6aa13,component,GH_Exposure.primary,False,SAM_Mollier,Resources,geometry,convert,False,,SAM,SAM,override,"diagram lines, points and processes as Rhino geometry",geometry_convert,SAM_GH_GeometryConvert,svg/geometry_convert.svg,integrated
GooMollierChartObjectParam,MollierChartObject,MollierChartObject,SAM,Mollier,SAM.Core.Mollier.UI.Grasshopper,Grasshopper/SAM.Core.Mollier.UI.Grasshopper,Grasshopper/SAM.Core.Mollier.UI.Grasshopper/Classes/GooMollierChartObject.cs,bbf6a119-0bcb-402c-9dd9-b6b45112c169,param,,False,SAM_Small,Resources,mollierChart,,False,,SAM-BIM ext v1,,param:MollierChartObject,,mollierChart,SAM_GH_MollierChart,svg/mollierChart.svg,integrated
SAMMollierCreateDiagram,SAMMollier.CreateDiagram,SAMMollier.CreateDiagram,SAM,Mollier,SAM.Core.Mollier.UI.Grasshopper,Grasshopper/SAM.Core.Mollier.UI.Grasshopper,Grasshopper/SAM.Core.Mollier.UI.Grasshopper/Component/SAMMollierCreateDiagram.cs,95611e60-2b7d-42d5-85b1-853fb8872b16,component,GH_Exposure.primary,False,SAM_Mollier,Resources,mollierChart,create,False,,SAM-BIM ext v1,SAM,rule,,mollierChart_create,SAM_GH_MollierChartCreate,svg/mollierChart_create.svg,integrated
SAMMollierCreateMollierPoint,SAMMollier.CreateMollierPoint,SAMMollier.CreateMollierPoint,SAM,Mollier,SAM.Core.Mollier.UI.Grasshopper,Grasshopper/SAM.Core.Mollier.UI.Grasshopper,Grasshopper/SAM.Core.Mollier.UI.Grasshopper/Component/SAMMollierCreateMollierPoint.cs,945e6aa3-8bb9-4a44-81d4-1ec831de47b0,component,GH_Exposure.primary,False,SAM_Mollier,Resources,mollierPoint,create,False,,SAM-BIM ext v1,SAM,rule,,mollierPoint_create,SAM_GH_MollierPointCreate,svg/mollierPoint_create.svg,integrated
SAMMollierCreateMollierProcessByTwoPoints,SAMMollier.CreateMollierProcessByTwoPoints,SAMMollier.CreateMollierProcessByTwoPoints,SAM,Mollier,SAM.Core.Mollier.UI.Grasshopper,Grasshopper/SAM.Core.Mollier.UI.Grasshopper,Grasshopper/SAM.Core.Mollier.UI.Grasshopper/Component/SAMMollierCreateMollierProcessByTwoPoints.cs,f47d7b0a-7a73-4070-8a74-1dfb0fbdf9ff,component,GH_Exposure.primary,False,SAM_Mollier,Resources,mollierProcess,create,False,,SAM-BIM ext v1,SAM,rule,,mollierProcess_create,SAM_GH_MollierProcessCreate,svg/mollierProcess_create.svg,integrated
SAMMollierCreateUndefinedProcess,SAMMollier.CreateUndefinedProcess,SAMMollier.CreateUndefinedProcess,SAM,Mollier,SAM.Core.Mollier.UI.Grasshopper,Grasshopper/SAM.Core.Mollier.UI.Grasshopper,Grasshopper/SAM.Core.Mollier.UI.Grasshopper/Component/SAMMollierCreateUndefinedProcess.cs,4f36eec5-c511-47e7-ae2c-039e7f103d76,component,GH_Exposure.primary,False,SAM_Mollier,Resources,mollierProcess,create,False,,SAM-BIM ext v1,SAM,rule,,mollierProcess_create,SAM_GH_MollierProcessCreate,svg/mollierProcess_create.svg,integrated
SAMMollierCreateAdiabaticHumidificationProcessByHumidityRatioDifference,SAMMollier.CreateAdiabaticHumidificationProcessByHumidityRatioDifference,SAMMollier.CreateAdiabaticHumidificationProcessByHumidityRatioDifference,SAM,Mollier,SAM.Core.Mollier.UI.Grasshopper,Grasshopper/SAM.Core.Mollier.UI.Grasshopper,Grasshopper/SAM.Core.Mollier.UI.Grasshopper/Component/SAMMollierCreateAdiabaticHumidificationProcessByHumidityRatioDifference.cs,bcd75e99-3edc-48bf-b70d-ec238ee0eaa6,component,GH_Exposure.primary,False,SAM_Mollier,Resources,processAdiabatic,create,False,,SAM-BIM ext v1,SAM,rule,,processAdiabatic_create,SAM_GH_ProcessAdiabaticCreate,svg/processAdiabatic_create.svg,integrated
SAMMollierCreateAdiabaticHumidificationProcessByRelativeHumidity,SAMMollier.CreateAdiabaticHumidificationProcessByRelativeHumidity,SAMMollier.CreateAdiabaticHumidificationProcessByRelativeHumidity,SAM,Mollier,SAM.Core.Mollier.UI.Grasshopper,Grasshopper/SAM.Core.Mollier.UI.Grasshopper,Grasshopper/SAM.Core.Mollier.UI.Grasshopper/Component/SAMMollierCreateAdiabaticHumidificationProcessByRelativeHumidity.cs,4aaf217e-1bdb-4383-ac66-c199adc5dbfa,component,GH_Exposure.primary,False,SAM_Mollier,Resources,processAdiabatic,create,False,,SAM-BIM ext v1,SAM,rule,,processAdiabatic_create,SAM_GH_ProcessAdiabaticCreate,svg/processAdiabatic_create.svg,integrated
SAMMollierCreateCoolingProcessByDryBulbTemperature,SAMMollier.CreateCoolingProcessByDryBulbTemperature,SAMMollier.CreateCoolingProcessByDryBulbTemperature,SAM,Mollier,SAM.Core.Mollier.UI.Grasshopper,Grasshopper/SAM.Core.Mollier.UI.Grasshopper,Grasshopper/SAM.Core.Mollier.UI.Grasshopper/Component/SAMMollierCreateCoolingProcessByDryBulbTemperature.cs,06cec1b1-efa9-46d6-a79b-547bb5546c78,component,GH_Exposure.primary,False,SAM_Mollier,Resources,processCooling,create,False,,SAM-BIM ext v1,SAM,rule,,processCooling_create,SAM_GH_ProcessCoolingCreate,svg/processCooling_create.svg,integrated
SAMMollierCreateCoolingProcessByEnthalpyDifference,SAMMollier.CreateCoolingProcessByEnthalpyDifference,SAMMollier.CreateCoolingProcessByEnthalpyDifference,SAM,Mollier,SAM.Core.Mollier.UI.Grasshopper,Grasshopper/SAM.Core.Mollier.UI.Grasshopper,Grasshopper/SAM.Core.Mollier.UI.Grasshopper/Component/SAMMollierCreateCoolingProcessByEnthalpyDifference.cs,031b0efc-0dcb-4f28-b48e-01d489961d15,component,GH_Exposure.primary,False,SAM_Mollier,Resources,processCooling,create,False,,SAM-BIM ext v1,SAM,rule,,processCooling_create,SAM_GH_ProcessCoolingCreate,svg/processCooling_create.svg,integrated
SAMMollierCreateCoolingProcessByMedium,SAMMollier.CreateCoolingProcessByMedium,SAMMollier.CreateCoolingProcessByMedium,SAM,Mollier,SAM.Core.Mollier.UI.Grasshopper,Grasshopper/SAM.Core.Mollier.UI.Grasshopper,Grasshopper/SAM.Core.Mollier.UI.Grasshopper/Component/SAMMollierCreateCoolingProcessByMedium.cs,86a92a8e-c89a-45f4-97a5-9c2447543098,component,GH_Exposure.primary,False,SAM_Mollier,Resources,processCooling,create,False,,SAM-BIM ext v1,SAM,rule,,processCooling_create,SAM_GH_ProcessCoolingCreate,svg/processCooling_create.svg,integrated
SAMMollierCreateCoolingProcessByMediumAndDryBulbTemperature,SAMMollier.CreateCoolingProcessByMediumAndDryBulbTemperature,SAMMollier.CreateCoolingProcessByMediumAndDryBulbTemperature,SAM,Mollier,SAM.Core.Mollier.UI.Grasshopper,Grasshopper/SAM.Core.Mollier.UI.Grasshopper,Grasshopper/SAM.Core.Mollier.UI.Grasshopper/Component/SAMMollierCreateCoolingProcessByMediumAndDryBulbTemperature.cs,9f7a9e8a-efb0-415d-a081-479174113029,component,GH_Exposure.primary,False,SAM_Mollier,Resources,processCooling,create,False,,SAM-BIM ext v1,SAM,rule,,processCooling_create,SAM_GH_ProcessCoolingCreate,svg/processCooling_create.svg,integrated
SAMMollierCreateCoolingProcessByTemperatureDifference,SAMMollier.CreateCoolingProcessByTemperatureDifference,SAMMollier.CreateCoolingProcessByTemperatureDifference,SAM,Mollier,SAM.Core.Mollier.UI.Grasshopper,Grasshopper/SAM.Core.Mollier.UI.Grasshopper,Grasshopper/SAM.Core.Mollier.UI.Grasshopper/Component/SAMMollierCreateCoolingProcessByTemperatureDifference.cs,74bfc1d1-90ea-494a-aad7-6ad2de58814c,component,GH_Exposure.primary,False,SAM_Mollier,Resources,processCooling,create,False,,SAM-BIM ext v1,SAM,rule,,processCooling_create,SAM_GH_ProcessCoolingCreate,svg/processCooling_create.svg,integrated
SAMMollierCreateFanProcess,SAMMollier.CreateFanProcess,SAMMollier.CreateFanProcess,SAM,Mollier,SAM.Core.Mollier.UI.Grasshopper,Grasshopper/SAM.Core.Mollier.UI.Grasshopper,Grasshopper/SAM.Core.Mollier.UI.Grasshopper/Component/SAMMollierCreateFanProcess.cs,9cd99bf3-eb0b-4289-9c4b-5a97f2ecbd92,component,GH_Exposure.primary,False,SAM_Mollier,Resources,processFan,create,False,,SAM-BIM ext v1,SAM,rule,,processFan_create,SAM_GH_ProcessFanCreate,svg/processFan_create.svg,integrated
SAMMollierCreateHeatRecoveryProcess,SAMMollier.CreateHeatRecoveryProcess,SAMMollier.CreateHeatRecoveryProcess,SAM,Mollier,SAM.Core.Mollier.UI.Grasshopper,Grasshopper/SAM.Core.Mollier.UI.Grasshopper,Grasshopper/SAM.Core.Mollier.UI.Grasshopper/Component/SAMMollierCreateHeatRecoveryProcess.cs,e2fe1d14-6c75-4ae8-bd76-b18a3fa27363,component,GH_Exposure.primary,False,SAM_Mollier,Resources,processHeatRecovery,create,False,,SAM-BIM ext v1,SAM,rule,,processHeatRecovery_create,SAM_GH_ProcessHeatRecoveryCreate,svg/processHeatRecovery_create.svg,integrated
SAMMollierCreateHeatingProcessByDryBulbTemperature,SAMMollier.CreateHeatingProcessByDryBulbTemperature,SAMMollier.CreateHeatingProcessByDryBulbTemperature,SAM,Mollier,SAM.Core.Mollier.UI.Grasshopper,Grasshopper/SAM.Core.Mollier.UI.Grasshopper,Grasshopper/SAM.Core.Mollier.UI.Grasshopper/Component/SAMMollierCreateHeatingProcessByDryBulbTemperature.cs,6ddcf61c-1acf-4f9a-a49a-0602dbd3895b,component,GH_Exposure.primary,False,SAM_Mollier,Resources,processHeating,create,False,,SAM-BIM ext v1,SAM,rule,,processHeating_create,SAM_GH_ProcessHeatingCreate,svg/processHeating_create.svg,integrated
SAMMollierCreateHeatingProcessByEnthalpyDifference,SAMMollier.CreateHeatingProcessByEnthalpyDifference,SAMMollier.CreateHeatingProcessByEnthalpyDifference,SAM,Mollier,SAM.Core.Mollier.UI.Grasshopper,Grasshopper/SAM.Core.Mollier.UI.Grasshopper,Grasshopper/SAM.Core.Mollier.UI.Grasshopper/Component/SAMMollierCreateHeatingProcessByEnthalpyDifference.cs,74709b81-c373-4821-88b1-3fbf815648f3,component,GH_Exposure.primary,False,SAM_Mollier,Resources,processHeating,create,False,,SAM-BIM ext v1,SAM,rule,,processHeating_create,SAM_GH_ProcessHeatingCreate,svg/processHeating_create.svg,integrated
SAMMollierCreateHeatingProcessByTemperatureDifference,SAMMollier.CreateHeatingProcessByTemperatureDifference,SAMMollier.CreateHeatingProcessByTemperatureDifference,SAM,Mollier,SAM.Core.Mollier.UI.Grasshopper,Grasshopper/SAM.Core.Mollier.UI.Grasshopper,Grasshopper/SAM.Core.Mollier.UI.Grasshopper/Component/SAMMollierCreateHeatingProcessByTemperatureDifference.cs,9dda9522-0e6a-4a31-b5f9-8f973e116f96,component,GH_Exposure.primary,False,SAM_Mollier,Resources,processHeating,create,False,,SAM-BIM ext v1,SAM,rule,,processHeating_create,SAM_GH_ProcessHeatingCreate,svg/processHeating_create.svg,integrated
SAMMollierCreateIsothermalHumidificationProcessByHumidityRatioDifference,SAMMollier.CreateIsothermalHumidificationProcessByHumidityRatioDifference,SAMMollier.CreateIsothermalHumidificationProcessByHumidityRatioDifference,SAM,Mollier,SAM.Core.Mollier.UI.Grasshopper,Grasshopper/SAM.Core.Mollier.UI.Grasshopper,Grasshopper/SAM.Core.Mollier.UI.Grasshopper/Component/SAMMollierCreateIsotermicHumidificationProcessByHumidityRatioDifference.cs,82eb0327-104c-43a5-81b6-334e953e6efe,component,GH_Exposure.primary,False,SAM_Mollier,Resources,processHumidification,create,False,,SAM-BIM ext v1,SAM,rule,,processHumidification_create,SAM_GH_ProcessHumidificationCreate,svg/processHumidification_create.svg,integrated
SAMMollierCreateIsothermalHumidificationProcessByRelativeHumidity,SAMMollier.CreateIsothermalHumidificationProcessByRelativeHumidity,SAMMollier.CreateIsothermalHumidificationProcessByRelativeHumidity,SAM,Mollier,SAM.Core.Mollier.UI.Grasshopper,Grasshopper/SAM.Core.Mollier.UI.Grasshopper,Grasshopper/SAM.Core.Mollier.UI.Grasshopper/Component/SAMMollierCreateIsotermicHumidificationProcessByRelativeHumidity.cs,18bf48be-3abe-4df0-80e2-e045807a6810,component,GH_Exposure.primary,False,SAM_Mollier,Resources,processHumidification,create,False,,SAM-BIM ext v1,SAM,rule,,processHumidification_create,SAM_GH_ProcessHumidificationCreate,svg/processHumidification_create.svg,integrated
SAMMollierCreateSteamHumidificationProcessByHumidityRatioDifference,SAMMollier.CreateSteamHumidificationProcessByHumidityRatioDifference,SAMMollier.CreateSteamHumidificationProcessByHumidityRatioDifference,SAM,Mollier,SAM.Core.Mollier.UI.Grasshopper,Grasshopper/SAM.Core.Mollier.UI.Grasshopper,Grasshopper/SAM.Core.Mollier.UI.Grasshopper/Component/SAMMollierCreateSteamHumidificationProcessByHumidityRatioDifference.cs,4f1010c4-e6a2-41c5-8fec-e729d843ddc7,component,GH_Exposure.tertiary | GH_Exposure.hidden,True,SAM_Mollier,Resources,processHumidification,create,False,,SAM-BIM ext v1,SAM,rule,,processHumidification_create,SAM_GH_ProcessHumidificationCreate,svg/processHumidification_create.svg,integrated
SAMMollierCreateSteamHumidificationProcessByRelativeHumidity,SAMMollier.CreateSteamHumidificationProcessByRelativeHumidity,SAMMollier.CreateSteamHumidificationProcessByRelativeHumidity,SAM,Mollier,SAM.Core.Mollier.UI.Grasshopper,Grasshopper/SAM.Core.Mollier.UI.Grasshopper,Grasshopper/SAM.Core.Mollier.UI.Grasshopper/Component/SAMMollierCreateSteamHumidificationProcessByRelativeHumidity.cs,1747307e-0e09-413a-bb62-8d5f007ccaae,component,GH_Exposure.tertiary | GH_Exposure.hidden,True,SAM_Mollier,Resources,processHumidification,create,False,,SAM-BIM ext v1,SAM,rule,,processHumidification_create,SAM_GH_ProcessHumidificationCreate,svg/processHumidification_create.svg,integrated
SAMMollierCreateMixingProcess,SAMMollier.CreateMixingProcess,SAMMollier.CreateMixingProcess,SAM,Mollier,SAM.Core.Mollier.UI.Grasshopper,Grasshopper/SAM.Core.Mollier.UI.Grasshopper,Grasshopper/SAM.Core.Mollier.UI.Grasshopper/Component/SAMMollierCreateMixingProcess.cs,2de5bbe0-38f0-4df7-8d64-dea4dac70ca6,component,GH_Exposure.primary,False,SAM_Mollier,Resources,processMixing,create,False,,SAM-BIM ext v1,SAM,rule,,processMixing_create,SAM_GH_ProcessMixingCreate,svg/processMixing_create.svg,integrated
SAMMollierCreateRoomProcess,SAMMollier.CreateRoomProcess,SAMMollier.CreateRoomProcess,SAM,Mollier,SAM.Core.Mollier.UI.Grasshopper,Grasshopper/SAM.Core.Mollier.UI.Grasshopper,Grasshopper/SAM.Core.Mollier.UI.Grasshopper/Component/SAMMollierCreateRoomProcess.cs,08c03d2c-7e26-4094-a154-2b81255c7462,component,GH_Exposure.primary,False,SAM_Mollier,Resources,processRoom,create,False,,SAM-BIM ext v1,SAM,rule,,processRoom_create,SAM_GH_ProcessRoomCreate,svg/processRoom_create.svg,integrated
SAMMollierCreateRoomProcessByEndPoint,SAMMollier.CreateRoomProcessByEndPoint,SAMMollier.CreateRoomProcessByEndPoint,SAM,Mollier,SAM.Core.Mollier.UI.Grasshopper,Grasshopper/SAM.Core.Mollier.UI.Grasshopper,Grasshopper/SAM.Core.Mollier.UI.Grasshopper/Component/SAMMollierCreateRoomProcessByEndPoint.cs,0a8891fb-bb82-4a13-8e0b-1d87e1b8e2b4,component,GH_Exposure.primary,False,SAM_Mollier,Resources,processRoom,create,False,,SAM-BIM ext v1,SAM,rule,,processRoom_create,SAM_GH_ProcessRoomCreate,svg/processRoom_create.svg,integrated
SAMMollierCreateRoomProcessByEpsilon,SAMMollier.CreateRoomProcessByEpsilon,SAMMollier.CreateRoomProcessByEpsilon,SAM,Mollier,SAM.Core.Mollier.UI.Grasshopper,Grasshopper/SAM.Core.Mollier.UI.Grasshopper,Grasshopper/SAM.Core.Mollier.UI.Grasshopper/Component/SAMMollierCreateRoomProcessByEpsilon.cs,2ac378eb-deb2-44f4-88b4-5ac1927828f3,component,GH_Exposure.primary,False,SAM_Mollier,Resources,processRoom,create,False,,SAM-BIM ext v1,SAM,rule,,processRoom_create,SAM_GH_ProcessRoomCreate,svg/processRoom_create.svg,integrated
